tau,Sstar,Vstar
1,69,31
0.999667,69,31
0.999333,69,31
0.999,69,31
0.998667,69,31
0.998333,69,31
0.998,69,31
0.997667,69,31
0.997333,69,31
0.997,69,31
0.996667,69,31
0.996333,69,31
0.996,69,31
0.995667,69,31
0.995333,69,31
0.995,69,31
0.994667,69,31
0.994333,69,31
0.994,69,31
0.993667,69,31
0.993333,69,31
0.993,69,31
0.992667,69,31
0.992333,69,31
0.992,69,31
0.991667,69,31
0.991333,69,31
0.991,69,31
0.990667,69,31
0.990333,69,31
0.99,69,31
0.989667,69.5,30.5
0.989333,69.5,30.5
0.989,69.5,30.5
0.988667,69.5,30.5
0.988333,69.5,30.5
0.988,69.5,30.5
0.987667,69.5,30.5
0.987333,69.5,30.5
0.987,69.5,30.5
0.986667,69.5,30.5
0.986333,69.5,30.5
0.986,69.5,30.5
0.985667,69.5,30.5
0.985333,69.5,30.5
0.985,69.5,30.5
0.984667,69.5,30.5
0.984333,69.5,30.5
0.984,69.5,30.5
0.983667,69.5,30.5
0.983333,69.5,30.5
0.983,69.5,30.5
0.982667,69.5,30.5
0.982333,69.5,30.5
0.982,69.5,30.5
0.981667,69.5,30.5
0.981333,69.5,30.5
0.981,69.5,30.5
0.980667,69.5,30.5
0.980333,69.5,30.5
0.98,69.5,30.5
0.979667,69.5,30.5
0.979333,69.5,30.5
0.979,69.5,30.5
0.978667,69.5,30.5
0.978333,69.5,30.5
0.978,69.5,30.5
0.977667,69.5,30.5
0.977333,69.5,30.5
0.977,69.5,30.5
0.976667,69.5,30.5
0.976333,69.5,30.5
0.976,69.5,30.5
0.975667,69.5,30.5
0.975333,69.5,30.5
0.975,69.5,30.5
0.974667,69.5,30.5
0.974333,69.5,30.5
0.974,69.5,30.5
0.973667,69.5,30.5
0.973333,69.5,30.5
0.973,69.5,30.5
0.972667,69.5,30.5
0.972333,69.5,30.5
0.972,69.5,30.5
0.971667,69.5,30.5
0.971333,69.5,30.5
0.971,69.5,30.5
0.970667,69.5,30.5
0.970333,69.5,30.5
0.97,69.5,30.5
0.969667,69.5,30.5
0.969333,69.5,30.5
0.969,69.5,30.5
0.968667,69.5,30.5
0.968333,69.5,30.5
0.968,69.5,30.5
0.967667,69.5,30.5
0.967333,69.5,30.5
0.967,69.5,30.5
0.966667,69.5,30.5
0.966333,69.5,30.5
0.966,69.5,30.5
0.965667,69.5,30.5
0.965333,69.5,30.5
0.965,69.5,30.5
0.964667,69.5,30.5
0.964333,69.5,30.5
0.964,69.5,30.5
0.963667,69.5,30.5
0.963333,69.5,30.5
0.963,69.5,30.5
0.962667,69.5,30.5
0.962333,69.5,30.5
0.962,69.5,30.5
0.961667,69.5,30.5
0.961333,69.5,30.5
0.961,69.5,30.5
0.960667,69.5,30.5
0.960333,69.5,30.5
0.96,69.5,30.5
0.959667,69.5,30.5
0.959333,69.5,30.5
0.959,69.5,30.5
0.958667,69.5,30.5
0.958333,69.5,30.5
0.958,69.5,30.5
0.957667,69.5,30.5
0.957333,69.5,30.5
0.957,69.5,30.5
0.956667,69.5,30.5
0.956333,69.5,30.5
0.956,69.5,30.5
0.955667,69.5,30.5
0.955333,69.5,30.5
0.955,69.5,30.5
0.954667,69.5,30.5
0.954333,69.5,30.5
0.954,69.5,30.5
0.953667,69.5,30.5
0.953333,69.5,30.5
0.953,69.5,30.5
0.952667,69.5,30.5
0.952333,69.5,30.5
0.952,69.5,30.5
0.951667,69.5,30.5
0.951333,69.5,30.5
0.951,69.5,30.5
0.950667,69.5,30.5
0.950333,69.5,30.5
0.95,69.5,30.5
0.949667,69.5,30.5
0.949333,69.5,30.5
0.949,69.5,30.5
0.948667,69.5,30.5
0.948333,69.5,30.5
0.948,69.5,30.5
0.947667,69.5,30.5
0.947333,69.5,30.5
0.947,69.5,30.5
0.946667,69.5,30.5
0.946333,69.5,30.5
0.946,69.5,30.5
0.945667,69.5,30.5
0.945333,69.5,30.5
0.945,69.5,30.5
0.944667,69.5,30.5
0.944333,69.5,30.5
0.944,69.5,30.5
0.943667,69.5,30.5
0.943333,69.5,30.5
0.943,69.5,30.5
0.942667,69.5,30.5
0.942333,69.5,30.5
0.942,69.5,30.5
0.941667,69.5,30.5
0.941333,69.5,30.5
0.941,69.5,30.5
0.940667,69.5,30.5
0.940333,69.5,30.5
0.94,69.5,30.5
0.939667,69.5,30.5
0.939333,69.5,30.5
0.939,69.5,30.5
0.938667,69.5,30.5
0.938333,69.5,30.5
0.938,69.5,30.5
0.937667,69.5,30.5
0.937333,69.5,30.5
0.937,69.5,30.5
0.936667,69.5,30.5
0.936333,69.5,30.5
0.936,69.5,30.5
0.935667,69.5,30.5
0.935333,69.5,30.5
0.935,69.5,30.5
0.934667,69.5,30.5
0.934333,69.5,30.5
0.934,69.5,30.5
0.933667,69.5,30.5
0.933333,69.5,30.5
0.933,69.5,30.5
0.932667,69.5,30.5
0.932333,69.5,30.5
0.932,69.5,30.5
0.931667,69.5,30.5
0.931333,69.5,30.5
0.931,69.5,30.5
0.930667,69.5,30.5
0.930333,69.5,30.5
0.93,69.5,30.5
0.929667,69.5,30.5
0.929333,69.5,30.5
0.929,69.5,30.5
0.928667,69.5,30.5
0.928333,69.5,30.5
0.928,69.5,30.5
0.927667,69.5,30.5
0.927333,69.5,30.5
0.927,69.5,30.5
0.926667,69.5,30.5
0.926333,69.5,30.5
0.926,69.5,30.5
0.925667,69.5,30.5
0.925333,69.5,30.5
0.925,69.5,30.5
0.924667,69.5,30.5
0.924333,69.5,30.5
0.924,69.5,30.5
0.923667,69.5,30.5
0.923333,70,30
0.923,70,30
0.922667,70,30
0.922333,70,30
0.922,70,30
0.921667,70,30
0.921333,70,30
0.921,70,30
0.920667,70,30
0.920333,70,30
0.92,70,30
0.919667,70,30
0.919333,70,30
0.919,70,30
0.918667,70,30
0.918333,70,30
0.918,70,30
0.917667,70,30
0.917333,70,30
0.917,70,30
0.916667,70,30
0.916333,70,30
0.916,70,30
0.915667,70,30
0.915333,70,30
0.915,70,30
0.914667,70,30
0.914333,70,30
0.914,70,30
0.913667,70,30
0.913333,70,30
0.913,70,30
0.912667,70,30
0.912333,70,30
0.912,70,30
0.911667,70,30
0.911333,70,30
0.911,70,30
0.910667,70,30
0.910333,70,30
0.91,70,30
0.909667,70,30
0.909333,70,30
0.909,70,30
0.908667,70,30
0.908333,70,30
0.908,70,30
0.907667,70,30
0.907333,70,30
0.907,70,30
0.906667,70,30
0.906333,70,30
0.906,70,30
0.905667,70,30
0.905333,70,30
0.905,70,30
0.904667,70,30
0.904333,70,30
0.904,70,30
0.903667,70,30
0.903333,70,30
0.903,70,30
0.902667,70,30
0.902333,70,30
0.902,70,30
0.901667,70,30
0.901333,70,30
0.901,70,30
0.900667,70,30
0.900333,70,30
0.9,70,30
0.899667,70,30
0.899333,70,30
0.899,70,30
0.898667,70,30
0.898333,70,30
0.898,70,30
0.897667,70,30
0.897333,70,30
0.897,70,30
0.896667,70,30
0.896333,70,30
0.896,70,30
0.895667,70,30
0.895333,70,30
0.895,70,30
0.894667,70,30
0.894333,70,30
0.894,70,30
0.893667,70,30
0.893333,70,30
0.893,70,30
0.892667,70,30
0.892333,70,30
0.892,70,30
0.891667,70,30
0.891333,70,30
0.891,70,30
0.890667,70,30
0.890333,70,30
0.89,70,30
0.889667,70,30
0.889333,70,30
0.889,70,30
0.888667,70,30
0.888333,70,30
0.888,70,30
0.887667,70,30
0.887333,70,30
0.887,70,30
0.886667,70,30
0.886333,70,30
0.886,70,30
0.885667,70,30
0.885333,70,30
0.885,70,30
0.884667,70,30
0.884333,70,30
0.884,70,30
0.883667,70,30
0.883333,70,30
0.883,70,30
0.882667,70,30
0.882333,70,30
0.882,70,30
0.881667,70,30
0.881333,70,30
0.881,70,30
0.880667,70,30
0.880333,70,30
0.88,70,30
0.879667,70,30
0.879333,70,30
0.879,70,30
0.878667,70,30
0.878333,70,30
0.878,70,30
0.877667,70,30
0.877333,70,30
0.877,70,30
0.876667,70,30
0.876333,70,30
0.876,70,30
0.875667,70,30
0.875333,70,30
0.875,70,30
0.874667,70,30
0.874333,70,30
0.874,70,30
0.873667,70,30
0.873333,70,30
0.873,70,30
0.872667,70,30
0.872333,70,30
0.872,70,30
0.871667,70,30
0.871333,70,30
0.871,70,30
0.870667,70,30
0.870333,70,30
0.87,70,30
0.869667,70,30
0.869333,70,30
0.869,70,30
0.868667,70,30
0.868333,70,30
0.868,70,30
0.867667,70,30
0.867333,70,30
0.867,70,30
0.866667,70,30
0.866333,70,30
0.866,70,30
0.865667,70,30
0.865333,70,30
0.865,70,30
0.864667,70,30
0.864333,70,30
0.864,70,30
0.863667,70,30
0.863333,70,30
0.863,70,30
0.862667,70,30
0.862333,70,30
0.862,70,30
0.861667,70.5,29.5
0.861333,70.5,29.5
0.861,70.5,29.5
0.860667,70.5,29.5
0.860333,70.5,29.5
0.86,70.5,29.5
0.859667,70.5,29.5
0.859333,70.5,29.5
0.859,70.5,29.5
0.858667,70.5,29.5
0.858333,70.5,29.5
0.858,70.5,29.5
0.857667,70.5,29.5
0.857333,70.5,29.5
0.857,70.5,29.5
0.856667,70.5,29.5
0.856333,70.5,29.5
0.856,70.5,29.5
0.855667,70.5,29.5
0.855333,70.5,29.5
0.855,70.5,29.5
0.854667,70.5,29.5
0.854333,70.5,29.5
0.854,70.5,29.5
0.853667,70.5,29.5
0.853333,70.5,29.5
0.853,70.5,29.5
0.852667,70.5,29.5
0.852333,70.5,29.5
0.852,70.5,29.5
0.851667,70.5,29.5
0.851333,70.5,29.5
0.851,70.5,29.5
0.850667,70.5,29.5
0.850333,70.5,29.5
0.85,70.5,29.5
0.849667,70.5,29.5
0.849333,70.5,29.5
0.849,70.5,29.5
0.848667,70.5,29.5
0.848333,70.5,29.5
0.848,70.5,29.5
0.847667,70.5,29.5
0.847333,70.5,29.5
0.847,70.5,29.5
0.846667,70.5,29.5
0.846333,70.5,29.5
0.846,70.5,29.5
0.845667,70.5,29.5
0.845333,70.5,29.5
0.845,70.5,29.5
0.844667,70.5,29.5
0.844333,70.5,29.5
0.844,70.5,29.5
0.843667,70.5,29.5
0.843333,70.5,29.5
0.843,70.5,29.5
0.842667,70.5,29.5
0.842333,70.5,29.5
0.842,70.5,29.5
0.841667,70.5,29.5
0.841333,70.5,29.5
0.841,70.5,29.5
0.840667,70.5,29.5
0.840333,70.5,29.5
0.84,70.5,29.5
0.839667,70.5,29.5
0.839333,70.5,29.5
0.839,70.5,29.5
0.838667,70.5,29.5
0.838333,70.5,29.5
0.838,70.5,29.5
0.837667,70.5,29.5
0.837333,70.5,29.5
0.837,70.5,29.5
0.836667,70.5,29.5
0.836333,70.5,29.5
0.836,70.5,29.5
0.835667,70.5,29.5
0.835333,70.5,29.5
0.835,70.5,29.5
0.834667,70.5,29.5
0.834333,70.5,29.5
0.834,70.5,29.5
0.833667,70.5,29.5
0.833333,70.5,29.5
0.833,70.5,29.5
0.832667,70.5,29.5
0.832333,70.5,29.5
0.832,70.5,29.5
0.831667,70.5,29.5
0.831333,70.5,29.5
0.831,70.5,29.5
0.830667,70.5,29.5
0.830333,70.5,29.5
0.83,70.5,29.5
0.829667,70.5,29.5
0.829333,70.5,29.5
0.829,70.5,29.5
0.828667,70.5,29.5
0.828333,70.5,29.5
0.828,70.5,29.5
0.827667,70.5,29.5
0.827333,70.5,29.5
0.827,70.5,29.5
0.826667,70.5,29.5
0.826333,70.5,29.5
0.826,70.5,29.5
0.825667,70.5,29.5
0.825333,70.5,29.5
0.825,70.5,29.5
0.824667,70.5,29.5
0.824333,70.5,29.5
0.824,70.5,29.5
0.823667,70.5,29.5
0.823333,70.5,29.5
0.823,70.5,29.5
0.822667,70.5,29.5
0.822333,70.5,29.5
0.822,70.5,29.5
0.821667,70.5,29.5
0.821333,70.5,29.5
0.821,70.5,29.5
0.820667,70.5,29.5
0.820333,70.5,29.5
0.82,70.5,29.5
0.819667,70.5,29.5
0.819333,70.5,29.5
0.819,70.5,29.5
0.818667,70.5,29.5
0.818333,70.5,29.5
0.818,70.5,29.5
0.817667,70.5,29.5
0.817333,70.5,29.5
0.817,70.5,29.5
0.816667,70.5,29.5
0.816333,70.5,29.5
0.816,70.5,29.5
0.815667,70.5,29.5
0.815333,70.5,29.5
0.815,70.5,29.5
0.814667,70.5,29.5
0.814333,70.5,29.5
0.814,70.5,29.5
0.813667,70.5,29.5
0.813333,70.5,29.5
0.813,70.5,29.5
0.812667,70.5,29.5
0.812333,70.5,29.5
0.812,70.5,29.5
0.811667,70.5,29.5
0.811333,70.5,29.5
0.811,70.5,29.5
0.810667,70.5,29.5
0.810333,70.5,29.5
0.81,70.5,29.5
0.809667,70.5,29.5
0.809333,70.5,29.5
0.809,70.5,29.5
0.808667,70.5,29.5
0.808333,70.5,29.5
0.808,70.5,29.5
0.807667,70.5,29.5
0.807333,70.5,29.5
0.807,70.5,29.5
0.806667,70.5,29.5
0.806333,70.5,29.5
0.806,70.5,29.5
0.805667,70.5,29.5
0.805333,70.5,29.5
0.805,70.5,29.5
0.804667,70.5,29.5
0.804333,70.5,29.5
0.804,71,29
0.803667,71,29
0.803333,71,29
0.803,71,29
0.802667,71,29
0.802333,71,29
0.802,71,29
0.801667,71,29
0.801333,71,29
0.801,71,29
0.800667,71,29
0.800333,71,29
0.8,71,29
0.799667,71,29
0.799333,71,29
0.799,71,29
0.798667,71,29
0.798333,71,29
0.798,71,29
0.797667,71,29
0.797333,71,29
0.797,71,29
0.796667,71,29
0.796333,71,29
0.796,71,29
0.795667,71,29
0.795333,71,29
0.795,71,29
0.794667,71,29
0.794333,71,29
0.794,71,29
0.793667,71,29
0.793333,71,29
0.793,71,29
0.792667,71,29
0.792333,71,29
0.792,71,29
0.791667,71,29
0.791333,71,29
0.791,71,29
0.790667,71,29
0.790333,71,29
0.79,71,29
0.789667,71,29
0.789333,71,29
0.789,71,29
0.788667,71,29
0.788333,71,29
0.788,71,29
0.787667,71,29
0.787333,71,29
0.787,71,29
0.786667,71,29
0.786333,71,29
0.786,71,29
0.785667,71,29
0.785333,71,29
0.785,71,29
0.784667,71,29
0.784333,71,29
0.784,71,29
0.783667,71,29
0.783333,71,29
0.783,71,29
0.782667,71,29
0.782333,71,29
0.782,71,29
0.781667,71,29
0.781333,71,29
0.781,71,29
0.780667,71,29
0.780333,71,29
0.78,71,29
0.779667,71,29
0.779333,71,29
0.779,71,29
0.778667,71,29
0.778333,71,29
0.778,71,29
0.777667,71,29
0.777333,71,29
0.777,71,29
0.776667,71,29
0.776333,71,29
0.776,71,29
0.775667,71,29
0.775333,71,29
0.775,71,29
0.774667,71,29
0.774333,71,29
0.774,71,29
0.773667,71,29
0.773333,71,29
0.773,71,29
0.772667,71,29
0.772333,71,29
0.772,71,29
0.771667,71,29
0.771333,71,29
0.771,71,29
0.770667,71,29
0.770333,71,29
0.77,71,29
0.769667,71,29
0.769333,71,29
0.769,71,29
0.768667,71,29
0.768333,71,29
0.768,71,29
0.767667,71,29
0.767333,71,29
0.767,71,29
0.766667,71,29
0.766333,71,29
0.766,71,29
0.765667,71,29
0.765333,71,29
0.765,71,29
0.764667,71,29
0.764333,71,29
0.764,71,29
0.763667,71,29
0.763333,71,29
0.763,71,29
0.762667,71,29
0.762333,71,29
0.762,71,29
0.761667,71,29
0.761333,71,29
0.761,71,29
0.760667,71,29
0.760333,71,29
0.76,71,29
0.759667,71,29
0.759333,71,29
0.759,71,29
0.758667,71,29
0.758333,71,29
0.758,71,29
0.757667,71,29
0.757333,71,29
0.757,71,29
0.756667,71,29
0.756333,71,29
0.756,71,29
0.755667,71,29
0.755333,71,29
0.755,71,29
0.754667,71,29
0.754333,71,29
0.754,71,29
0.753667,71,29
0.753333,71,29
0.753,71,29
0.752667,71,29
0.752333,71,29
0.752,71,29
0.751667,71,29
0.751333,71,29
0.751,71,29
0.750667,71,29
0.750333,71,29
0.75,71.5,28.5
0.749667,71.5,28.5
0.749333,71.5,28.5
0.749,71.5,28.5
0.748667,71.5,28.5
0.748333,71.5,28.5
0.748,71.5,28.5
0.747667,71.5,28.5
0.747333,71.5,28.5
0.747,71.5,28.5
0.746667,71.5,28.5
0.746333,71.5,28.5
0.746,71.5,28.5
0.745667,71.5,28.5
0.745333,71.5,28.5
0.745,71.5,28.5
0.744667,71.5,28.5
0.744333,71.5,28.5
0.744,71.5,28.5
0.743667,71.5,28.5
0.743333,71.5,28.5
0.743,71.5,28.5
0.742667,71.5,28.5
0.742333,71.5,28.5
0.742,71.5,28.5
0.741667,71.5,28.5
0.741333,71.5,28.5
0.741,71.5,28.5
0.740667,71.5,28.5
0.740333,71.5,28.5
0.74,71.5,28.5
0.739667,71.5,28.5
0.739333,71.5,28.5
0.739,71.5,28.5
0.738667,71.5,28.5
0.738333,71.5,28.5
0.738,71.5,28.5
0.737667,71.5,28.5
0.737333,71.5,28.5
0.737,71.5,28.5
0.736667,71.5,28.5
0.736333,71.5,28.5
0.736,71.5,28.5
0.735667,71.5,28.5
0.735333,71.5,28.5
0.735,71.5,28.5
0.734667,71.5,28.5
0.734333,71.5,28.5
0.734,71.5,28.5
0.733667,71.5,28.5
0.733333,71.5,28.5
0.733,71.5,28.5
0.732667,71.5,28.5
0.732333,71.5,28.5
0.732,71.5,28.5
0.731667,71.5,28.5
0.731333,71.5,28.5
0.731,71.5,28.5
0.730667,71.5,28.5
0.730333,71.5,28.5
0.73,71.5,28.5
0.729667,71.5,28.5
0.729333,71.5,28.5
0.729,71.5,28.5
0.728667,71.5,28.5
0.728333,71.5,28.5
0.728,71.5,28.5
0.727667,71.5,28.5
0.727333,71.5,28.5
0.727,71.5,28.5
0.726667,71.5,28.5
0.726333,71.5,28.5
0.726,71.5,28.5
0.725667,71.5,28.5
0.725333,71.5,28.5
0.725,71.5,28.5
0.724667,71.5,28.5
0.724333,71.5,28.5
0.724,71.5,28.5
0.723667,71.5,28.5
0.723333,71.5,28.5
0.723,71.5,28.5
0.722667,71.5,28.5
0.722333,71.5,28.5
0.722,71.5,28.5
0.721667,71.5,28.5
0.721333,71.5,28.5
0.721,71.5,28.5
0.720667,71.5,28.5
0.720333,71.5,28.5
0.72,71.5,28.5
0.719667,71.5,28.5
0.719333,71.5,28.5
0.719,71.5,28.5
0.718667,71.5,28.5
0.718333,71.5,28.5
0.718,71.5,28.5
0.717667,71.5,28.5
0.717333,71.5,28.5
0.717,71.5,28.5
0.716667,71.5,28.5
0.716333,71.5,28.5
0.716,71.5,28.5
0.715667,71.5,28.5
0.715333,71.5,28.5
0.715,71.5,28.5
0.714667,71.5,28.5
0.714333,71.5,28.5
0.714,71.5,28.5
0.713667,71.5,28.5
0.713333,71.5,28.5
0.713,71.5,28.5
0.712667,71.5,28.5
0.712333,71.5,28.5
0.712,71.5,28.5
0.711667,71.5,28.5
0.711333,71.5,28.5
0.711,71.5,28.5
0.710667,71.5,28.5
0.710333,71.5,28.5
0.71,71.5,28.5
0.709667,71.5,28.5
0.709333,71.5,28.5
0.709,71.5,28.5
0.708667,71.5,28.5
0.708333,71.5,28.5
0.708,71.5,28.5
0.707667,71.5,28.5
0.707333,71.5,28.5
0.707,71.5,28.5
0.706667,71.5,28.5
0.706333,71.5,28.5
0.706,71.5,28.5
0.705667,71.5,28.5
0.705333,71.5,28.5
0.705,71.5,28.5
0.704667,71.5,28.5
0.704333,71.5,28.5
0.704,71.5,28.5
0.703667,71.5,28.5
0.703333,71.5,28.5
0.703,71.5,28.5
0.702667,71.5,28.5
0.702333,71.5,28.5
0.702,71.5,28.5
0.701667,71.5,28.5
0.701333,71.5,28.5
0.701,71.5,28.5
0.700667,71.5,28.5
0.700333,71.5,28.5
0.7,71.5,28.5
0.699667,72,28
0.699333,72,28
0.699,72,28
0.698667,72,28
0.698333,72,28
0.698,72,28
0.697667,72,28
0.697333,72,28
0.697,72,28
0.696667,72,28
0.696333,72,28
0.696,72,28
0.695667,72,28
0.695333,72,28
0.695,72,28
0.694667,72,28
0.694333,72,28
0.694,72,28
0.693667,72,28
0.693333,72,28
0.693,72,28
0.692667,72,28
0.692333,72,28
0.692,72,28
0.691667,72,28
0.691333,72,28
0.691,72,28
0.690667,72,28
0.690333,72,28
0.69,72,28
0.689667,72,28
0.689333,72,28
0.689,72,28
0.688667,72,28
0.688333,72,28
0.688,72,28
0.687667,72,28
0.687333,72,28
0.687,72,28
0.686667,72,28
0.686333,72,28
0.686,72,28
0.685667,72,28
0.685333,72,28
0.685,72,28
0.684667,72,28
0.684333,72,28
0.684,72,28
0.683667,72,28
0.683333,72,28
0.683,72,28
0.682667,72,28
0.682333,72,28
0.682,72,28
0.681667,72,28
0.681333,72,28
0.681,72,28
0.680667,72,28
0.680333,72,28
0.68,72,28
0.679667,72,28
0.679333,72,28
0.679,72,28
0.678667,72,28
0.678333,72,28
0.678,72,28
0.677667,72,28
0.677333,72,28
0.677,72,28
0.676667,72,28
0.676333,72,28
0.676,72,28
0.675667,72,28
0.675333,72,28
0.675,72,28
0.674667,72,28
0.674333,72,28
0.674,72,28
0.673667,72,28
0.673333,72,28
0.673,72,28
0.672667,72,28
0.672333,72,28
0.672,72,28
0.671667,72,28
0.671333,72,28
0.671,72,28
0.670667,72,28
0.670333,72,28
0.67,72,28
0.669667,72,28
0.669333,72,28
0.669,72,28
0.668667,72,28
0.668333,72,28
0.668,72,28
0.667667,72,28
0.667333,72,28
0.667,72,28
0.666667,72,28
0.666333,72,28
0.666,72,28
0.665667,72,28
0.665333,72,28
0.665,72,28
0.664667,72,28
0.664333,72,28
0.664,72,28
0.663667,72,28
0.663333,72,28
0.663,72,28
0.662667,72,28
0.662333,72,28
0.662,72,28
0.661667,72,28
0.661333,72,28
0.661,72,28
0.660667,72,28
0.660333,72,28
0.66,72,28
0.659667,72,28
0.659333,72,28
0.659,72,28
0.658667,72,28
0.658333,72,28
0.658,72,28
0.657667,72,28
0.657333,72,28
0.657,72,28
0.656667,72,28
0.656333,72,28
0.656,72,28
0.655667,72,28
0.655333,72,28
0.655,72,28
0.654667,72,28
0.654333,72,28
0.654,72,28
0.653667,72,28
0.653333,72,28
0.653,72,28
0.652667,72,28
0.652333,72.5,27.5
0.652,72.5,27.5
0.651667,72.5,27.5
0.651333,72.5,27.5
0.651,72.5,27.5
0.650667,72.5,27.5
0.650333,72.5,27.5
0.65,72.5,27.5
0.649667,72.5,27.5
0.649333,72.5,27.5
0.649,72.5,27.5
0.648667,72.5,27.5
0.648333,72.5,27.5
0.648,72.5,27.5
0.647667,72.5,27.5
0.647333,72.5,27.5
0.647,72.5,27.5
0.646667,72.5,27.5
0.646333,72.5,27.5
0.646,72.5,27.5
0.645667,72.5,27.5
0.645333,72.5,27.5
0.645,72.5,27.5
0.644667,72.5,27.5
0.644333,72.5,27.5
0.644,72.5,27.5
0.643667,72.5,27.5
0.643333,72.5,27.5
0.643,72.5,27.5
0.642667,72.5,27.5
0.642333,72.5,27.5
0.642,72.5,27.5
0.641667,72.5,27.5
0.641333,72.5,27.5
0.641,72.5,27.5
0.640667,72.5,27.5
0.640333,72.5,27.5
0.64,72.5,27.5
0.639667,72.5,27.5
0.639333,72.5,27.5
0.639,72.5,27.5
0.638667,72.5,27.5
0.638333,72.5,27.5
0.638,72.5,27.5
0.637667,72.5,27.5
0.637333,72.5,27.5
0.637,72.5,27.5
0.636667,72.5,27.5
0.636333,72.5,27.5
0.636,72.5,27.5
0.635667,72.5,27.5
0.635333,72.5,27.5
0.635,72.5,27.5
0.634667,72.5,27.5
0.634333,72.5,27.5
0.634,72.5,27.5
0.633667,72.5,27.5
0.633333,72.5,27.5
0.633,72.5,27.5
0.632667,72.5,27.5
0.632333,72.5,27.5
0.632,72.5,27.5
0.631667,72.5,27.5
0.631333,72.5,27.5
0.631,72.5,27.5
0.630667,72.5,27.5
0.630333,72.5,27.5
0.63,72.5,27.5
0.629667,72.5,27.5
0.629333,72.5,27.5
0.629,72.5,27.5
0.628667,72.5,27.5
0.628333,72.5,27.5
0.628,72.5,27.5
0.627667,72.5,27.5
0.627333,72.5,27.5
0.627,72.5,27.5
0.626667,72.5,27.5
0.626333,72.5,27.5
0.626,72.5,27.5
0.625667,72.5,27.5
0.625333,72.5,27.5
0.625,72.5,27.5
0.624667,72.5,27.5
0.624333,72.5,27.5
0.624,72.5,27.5
0.623667,72.5,27.5
0.623333,72.5,27.5
0.623,72.5,27.5
0.622667,72.5,27.5
0.622333,72.5,27.5
0.622,72.5,27.5
0.621667,72.5,27.5
0.621333,72.5,27.5
0.621,72.5,27.5
0.620667,72.5,27.5
0.620333,72.5,27.5
0.62,72.5,27.5
0.619667,72.5,27.5
0.619333,72.5,27.5
0.619,72.5,27.5
0.618667,72.5,27.5
0.618333,72.5,27.5
0.618,72.5,27.5
0.617667,72.5,27.5
0.617333,72.5,27.5
0.617,72.5,27.5
0.616667,72.5,27.5
0.616333,72.5,27.5
0.616,72.5,27.5
0.615667,72.5,27.5
0.615333,72.5,27.5
0.615,72.5,27.5
0.614667,72.5,27.5
0.614333,72.5,27.5
0.614,72.5,27.5
0.613667,72.5,27.5
0.613333,72.5,27.5
0.613,72.5,27.5
0.612667,72.5,27.5
0.612333,72.5,27.5
0.612,72.5,27.5
0.611667,72.5,27.5
0.611333,72.5,27.5
0.611,72.5,27.5
0.610667,72.5,27.5
0.610333,72.5,27.5
0.61,72.5,27.5
0.609667,72.5,27.5
0.609333,72.5,27.5
0.609,72.5,27.5
0.608667,72.5,27.5
0.608333,73,27
0.608,73,27
0.607667,73,27
0.607333,73,27
0.607,73,27
0.606667,73,27
0.606333,73,27
0.606,73,27
0.605667,73,27
0.605333,73,27
0.605,73,27
0.604667,73,27
0.604333,73,27
0.604,73,27
0.603667,73,27
0.603333,73,27
0.603,73,27
0.602667,73,27
0.602333,73,27
0.602,73,27
0.601667,73,27
0.601333,73,27
0.601,73,27
0.600667,73,27
0.600333,73,27
0.6,73,27
0.599667,73,27
0.599333,73,27
0.599,73,27
0.598667,73,27
0.598333,73,27
0.598,73,27
0.597667,73,27
0.597333,73,27
0.597,73,27
0.596667,73,27
0.596333,73,27
0.596,73,27
0.595667,73,27
0.595333,73,27
0.595,73,27
0.594667,73,27
0.594333,73,27
0.594,73,27
0.593667,73,27
0.593333,73,27
0.593,73,27
0.592667,73,27
0.592333,73,27
0.592,73,27
0.591667,73,27
0.591333,73,27
0.591,73,27
0.590667,73,27
0.590333,73,27
0.59,73,27
0.589667,73,27
0.589333,73,27
0.589,73,27
0.588667,73,27
0.588333,73,27
0.588,73,27
0.587667,73,27
0.587333,73,27
0.587,73,27
0.586667,73,27
0.586333,73,27
0.586,73,27
0.585667,73,27
0.585333,73,27
0.585,73,27
0.584667,73,27
0.584333,73,27
0.584,73,27
0.583667,73,27
0.583333,73,27
0.583,73,27
0.582667,73,27
0.582333,73,27
0.582,73,27
0.581667,73,27
0.581333,73,27
0.581,73,27
0.580667,73,27
0.580333,73,27
0.58,73,27
0.579667,73,27
0.579333,73,27
0.579,73,27
0.578667,73,27
0.578333,73,27
0.578,73,27
0.577667,73,27
0.577333,73,27
0.577,73,27
0.576667,73,27
0.576333,73,27
0.576,73,27
0.575667,73,27
0.575333,73,27
0.575,73,27
0.574667,73,27
0.574333,73,27
0.574,73,27
0.573667,73,27
0.573333,73,27
0.573,73,27
0.572667,73,27
0.572333,73,27
0.572,73,27
0.571667,73,27
0.571333,73,27
0.571,73,27
0.570667,73,27
0.570333,73,27
0.57,73,27
0.569667,73,27
0.569333,73,27
0.569,73,27
0.568667,73,27
0.568333,73,27
0.568,73,27
0.567667,73,27
0.567333,73,27
0.567,73.5,26.5
0.566667,73.5,26.5
0.566333,73.5,26.5
0.566,73.5,26.5
0.565667,73.5,26.5
0.565333,73.5,26.5
0.565,73.5,26.5
0.564667,73.5,26.5
0.564333,73.5,26.5
0.564,73.5,26.5
0.563667,73.5,26.5
0.563333,73.5,26.5
0.563,73.5,26.5
0.562667,73.5,26.5
0.562333,73.5,26.5
0.562,73.5,26.5
0.561667,73.5,26.5
0.561333,73.5,26.5
0.561,73.5,26.5
0.560667,73.5,26.5
0.560333,73.5,26.5
0.56,73.5,26.5
0.559667,73.5,26.5
0.559333,73.5,26.5
0.559,73.5,26.5
0.558667,73.5,26.5
0.558333,73.5,26.5
0.558,73.5,26.5
0.557667,73.5,26.5
0.557333,73.5,26.5
0.557,73.5,26.5
0.556667,73.5,26.5
0.556333,73.5,26.5
0.556,73.5,26.5
0.555667,73.5,26.5
0.555333,73.5,26.5
0.555,73.5,26.5
0.554667,73.5,26.5
0.554333,73.5,26.5
0.554,73.5,26.5
0.553667,73.5,26.5
0.553333,73.5,26.5
0.553,73.5,26.5
0.552667,73.5,26.5
0.552333,73.5,26.5
0.552,73.5,26.5
0.551667,73.5,26.5
0.551333,73.5,26.5
0.551,73.5,26.5
0.550667,73.5,26.5
0.550333,73.5,26.5
0.55,73.5,26.5
0.549667,73.5,26.5
0.549333,73.5,26.5
0.549,73.5,26.5
0.548667,73.5,26.5
0.548333,73.5,26.5
0.548,73.5,26.5
0.547667,73.5,26.5
0.547333,73.5,26.5
0.547,73.5,26.5
0.546667,73.5,26.5
0.546333,73.5,26.5
0.546,73.5,26.5
0.545667,73.5,26.5
0.545333,73.5,26.5
0.545,73.5,26.5
0.544667,73.5,26.5
0.544333,73.5,26.5
0.544,73.5,26.5
0.543667,73.5,26.5
0.543333,73.5,26.5
0.543,73.5,26.5
0.542667,73.5,26.5
0.542333,73.5,26.5
0.542,73.5,26.5
0.541667,73.5,26.5
0.541333,73.5,26.5
0.541,73.5,26.5
0.540667,73.5,26.5
0.540333,73.5,26.5
0.54,73.5,26.5
0.539667,73.5,26.5
0.539333,73.5,26.5
0.539,73.5,26.5
0.538667,73.5,26.5
0.538333,73.5,26.5
0.538,73.5,26.5
0.537667,73.5,26.5
0.537333,73.5,26.5
0.537,73.5,26.5
0.536667,73.5,26.5
0.536333,73.5,26.5
0.536,73.5,26.5
0.535667,73.5,26.5
0.535333,73.5,26.5
0.535,73.5,26.5
0.534667,73.5,26.5
0.534333,73.5,26.5
0.534,73.5,26.5
0.533667,73.5,26.5
0.533333,73.5,26.5
0.533,73.5,26.5
0.532667,73.5,26.5
0.532333,73.5,26.5
0.532,73.5,26.5
0.531667,73.5,26.5
0.531333,73.5,26.5
0.531,73.5,26.5
0.530667,73.5,26.5
0.530333,73.5,26.5
0.53,73.5,26.5
0.529667,73.5,26.5
0.529333,73.5,26.5
0.529,73.5,26.5
0.528667,73.5,26.5
0.528333,74,26
0.528,74,26
0.527667,74,26
0.527333,74,26
0.527,74,26
0.526667,74,26
0.526333,74,26
0.526,74,26
0.525667,74,26
0.525333,74,26
0.525,74,26
0.524667,74,26
0.524333,74,26
0.524,74,26
0.523667,74,26
0.523333,74,26
0.523,74,26
0.522667,74,26
0.522333,74,26
0.522,74,26
0.521667,74,26
0.521333,74,26
0.521,74,26
0.520667,74,26
0.520333,74,26
0.52,74,26
0.519667,74,26
0.519333,74,26
0.519,74,26
0.518667,74,26
0.518333,74,26
0.518,74,26
0.517667,74,26
0.517333,74,26
0.517,74,26
0.516667,74,26
0.516333,74,26
0.516,74,26
0.515667,74,26
0.515333,74,26
0.515,74,26
0.514667,74,26
0.514333,74,26
0.514,74,26
0.513667,74,26
0.513333,74,26
0.513,74,26
0.512667,74,26
0.512333,74,26
0.512,74,26
0.511667,74,26
0.511333,74,26
0.511,74,26
0.510667,74,26
0.510333,74,26
0.51,74,26
0.509667,74,26
0.509333,74,26
0.509,74,26
0.508667,74,26
0.508333,74,26
0.508,74,26
0.507667,74,26
0.507333,74,26
0.507,74,26
0.506667,74,26
0.506333,74,26
0.506,74,26
0.505667,74,26
0.505333,74,26
0.505,74,26
0.504667,74,26
0.504333,74,26
0.504,74,26
0.503667,74,26
0.503333,74,26
0.503,74,26
0.502667,74,26
0.502333,74,26
0.502,74,26
0.501667,74,26
0.501333,74,26
0.501,74,26
0.500667,74,26
0.500333,74,26
0.5,74,26
0.499667,74,26
0.499333,74,26
0.499,74,26
0.498667,74,26
0.498333,74,26
0.498,74,26
0.497667,74,26
0.497333,74,26
0.497,74,26
0.496667,74,26
0.496333,74,26
0.496,74,26
0.495667,74,26
0.495333,74,26
0.495,74,26
0.494667,74,26
0.494333,74,26
0.494,74,26
0.493667,74,26
0.493333,74,26
0.493,74,26
0.492667,74,26
0.492333,74.5,25.5
0.492,74.5,25.5
0.491667,74.5,25.5
0.491333,74.5,25.5
0.491,74.5,25.5
0.490667,74.5,25.5
0.490333,74.5,25.5
0.49,74.5,25.5
0.489667,74.5,25.5
0.489333,74.5,25.5
0.489,74.5,25.5
0.488667,74.5,25.5
0.488333,74.5,25.5
0.488,74.5,25.5
0.487667,74.5,25.5
0.487333,74.5,25.5
0.487,74.5,25.5
0.486667,74.5,25.5
0.486333,74.5,25.5
0.486,74.5,25.5
0.485667,74.5,25.5
0.485333,74.5,25.5
0.485,74.5,25.5
0.484667,74.5,25.5
0.484333,74.5,25.5
0.484,74.5,25.5
0.483667,74.5,25.5
0.483333,74.5,25.5
0.483,74.5,25.5
0.482667,74.5,25.5
0.482333,74.5,25.5
0.482,74.5,25.5
0.481667,74.5,25.5
0.481333,74.5,25.5
0.481,74.5,25.5
0.480667,74.5,25.5
0.480333,74.5,25.5
0.48,74.5,25.5
0.479667,74.5,25.5
0.479333,74.5,25.5
0.479,74.5,25.5
0.478667,74.5,25.5
0.478333,74.5,25.5
0.478,74.5,25.5
0.477667,74.5,25.5
0.477333,74.5,25.5
0.477,74.5,25.5
0.476667,74.5,25.5
0.476333,74.5,25.5
0.476,74.5,25.5
0.475667,74.5,25.5
0.475333,74.5,25.5
0.475,74.5,25.5
0.474667,74.5,25.5
0.474333,74.5,25.5
0.474,74.5,25.5
0.473667,74.5,25.5
0.473333,74.5,25.5
0.473,74.5,25.5
0.472667,74.5,25.5
0.472333,74.5,25.5
0.472,74.5,25.5
0.471667,74.5,25.5
0.471333,74.5,25.5
0.471,74.5,25.5
0.470667,74.5,25.5
0.470333,74.5,25.5
0.47,74.5,25.5
0.469667,74.5,25.5
0.469333,74.5,25.5
0.469,74.5,25.5
0.468667,74.5,25.5
0.468333,74.5,25.5
0.468,74.5,25.5
0.467667,74.5,25.5
0.467333,74.5,25.5
0.467,74.5,25.5
0.466667,74.5,25.5
0.466333,74.5,25.5
0.466,74.5,25.5
0.465667,74.5,25.5
0.465333,74.5,25.5
0.465,74.5,25.5
0.464667,74.5,25.5
0.464333,74.5,25.5
0.464,74.5,25.5
0.463667,74.5,25.5
0.463333,74.5,25.5
0.463,74.5,25.5
0.462667,74.5,25.5
0.462333,74.5,25.5
0.462,74.5,25.5
0.461667,74.5,25.5
0.461333,74.5,25.5
0.461,74.5,25.5
0.460667,74.5,25.5
0.460333,74.5,25.5
0.46,74.5,25.5
0.459667,74.5,25.5
0.459333,74.5,25.5
0.459,74.5,25.5
0.458667,74.5,25.5
0.458333,75,25
0.458,75,25
0.457667,75,25
0.457333,75,25
0.457,75,25
0.456667,75,25
0.456333,75,25
0.456,75,25
0.455667,75,25
0.455333,75,25
0.455,75,25
0.454667,75,25
0.454333,75,25
0.454,75,25
0.453667,75,25
0.453333,75,25
0.453,75,25
0.452667,75,25
0.452333,75,25
0.452,75,25
0.451667,75,25
0.451333,75,25
0.451,75,25
0.450667,75,25
0.450333,75,25
0.45,75,25
0.449667,75,25
0.449333,75,25
0.449,75,25
0.448667,75,25
0.448333,75,25
0.448,75,25
0.447667,75,25
0.447333,75,25
0.447,75,25
0.446667,75,25
0.446333,75,25
0.446,75,25
0.445667,75,25
0.445333,75,25
0.445,75,25
0.444667,75,25
0.444333,75,25
0.444,75,25
0.443667,75,25
0.443333,75,25
0.443,75,25
0.442667,75,25
0.442333,75,25
0.442,75,25
0.441667,75,25
0.441333,75,25
0.441,75,25
0.440667,75,25
0.440333,75,25
0.44,75,25
0.439667,75,25
0.439333,75,25
0.439,75,25
0.438667,75,25
0.438333,75,25
0.438,75,25
0.437667,75,25
0.437333,75,25
0.437,75,25
0.436667,75,25
0.436333,75,25
0.436,75,25
0.435667,75,25
0.435333,75,25
0.435,75,25
0.434667,75,25
0.434333,75,25
0.434,75,25
0.433667,75,25
0.433333,75,25
0.433,75,25
0.432667,75,25
0.432333,75,25
0.432,75,25
0.431667,75,25
0.431333,75,25
0.431,75,25
0.430667,75,25
0.430333,75,25
0.43,75,25
0.429667,75,25
0.429333,75,25
0.429,75,25
0.428667,75,25
0.428333,75,25
0.428,75,25
0.427667,75,25
0.427333,75,25
0.427,75,25
0.426667,75.5,24.5
0.426333,75.5,24.5
0.426,75.5,24.5
0.425667,75.5,24.5
0.425333,75.5,24.5
0.425,75.5,24.5
0.424667,75.5,24.5
0.424333,75.5,24.5
0.424,75.5,24.5
0.423667,75.5,24.5
0.423333,75.5,24.5
0.423,75.5,24.5
0.422667,75.5,24.5
0.422333,75.5,24.5
0.422,75.5,24.5
0.421667,75.5,24.5
0.421333,75.5,24.5
0.421,75.5,24.5
0.420667,75.5,24.5
0.420333,75.5,24.5
0.42,75.5,24.5
0.419667,75.5,24.5
0.419333,75.5,24.5
0.419,75.5,24.5
0.418667,75.5,24.5
0.418333,75.5,24.5
0.418,75.5,24.5
0.417667,75.5,24.5
0.417333,75.5,24.5
0.417,75.5,24.5
0.416667,75.5,24.5
0.416333,75.5,24.5
0.416,75.5,24.5
0.415667,75.5,24.5
0.415333,75.5,24.5
0.415,75.5,24.5
0.414667,75.5,24.5
0.414333,75.5,24.5
0.414,75.5,24.5
0.413667,75.5,24.5
0.413333,75.5,24.5
0.413,75.5,24.5
0.412667,75.5,24.5
0.412333,75.5,24.5
0.412,75.5,24.5
0.411667,75.5,24.5
0.411333,75.5,24.5
0.411,75.5,24.5
0.410667,75.5,24.5
0.410333,75.5,24.5
0.41,75.5,24.5
0.409667,75.5,24.5
0.409333,75.5,24.5
0.409,75.5,24.5
0.408667,75.5,24.5
0.408333,75.5,24.5
0.408,75.5,24.5
0.407667,75.5,24.5
0.407333,75.5,24.5
0.407,75.5,24.5
0.406667,75.5,24.5
0.406333,75.5,24.5
0.406,75.5,24.5
0.405667,75.5,24.5
0.405333,75.5,24.5
0.405,75.5,24.5
0.404667,75.5,24.5
0.404333,75.5,24.5
0.404,75.5,24.5
0.403667,75.5,24.5
0.403333,75.5,24.5
0.403,75.5,24.5
0.402667,75.5,24.5
0.402333,75.5,24.5
0.402,75.5,24.5
0.401667,75.5,24.5
0.401333,75.5,24.5
0.401,75.5,24.5
0.400667,75.5,24.5
0.400333,75.5,24.5
0.4,75.5,24.5
0.399667,75.5,24.5
0.399333,75.5,24.5
0.399,75.5,24.5
0.398667,75.5,24.5
0.398333,75.5,24.5
0.398,75.5,24.5
0.397667,75.5,24.5
0.397333,75.5,24.5
0.397,75.5,24.5
0.396667,76,24
0.396333,76,24
0.396,76,24
0.395667,76,24
0.395333,76,24
0.395,76,24
0.394667,76,24
0.394333,76,24
0.394,76,24
0.393667,76,24
0.393333,76,24
0.393,76,24
0.392667,76,24
0.392333,76,24
0.392,76,24
0.391667,76,24
0.391333,76,24
0.391,76,24
0.390667,76,24
0.390333,76,24
0.39,76,24
0.389667,76,24
0.389333,76,24
0.389,76,24
0.388667,76,24
0.388333,76,24
0.388,76,24
0.387667,76,24
0.387333,76,24
0.387,76,24
0.386667,76,24
0.386333,76,24
0.386,76,24
0.385667,76,24
0.385333,76,24
0.385,76,24
0.384667,76,24
0.384333,76,24
0.384,76,24
0.383667,76,24
0.383333,76,24
0.383,76,24
0.382667,76,24
0.382333,76,24
0.382,76,24
0.381667,76,24
0.381333,76,24
0.381,76,24
0.380667,76,24
0.380333,76,24
0.38,76,24
0.379667,76,24
0.379333,76,24
0.379,76,24
0.378667,76,24
0.378333,76,24
0.378,76,24
0.377667,76,24
0.377333,76,24
0.377,76,24
0.376667,76,24
0.376333,76,24
0.376,76,24
0.375667,76,24
0.375333,76,24
0.375,76,24
0.374667,76,24
0.374333,76,24
0.374,76,24
0.373667,76,24
0.373333,76,24
0.373,76,24
0.372667,76,24
0.372333,76,24
0.372,76,24
0.371667,76,24
0.371333,76,24
0.371,76,24
0.370667,76,24
0.370333,76,24
0.37,76,24
0.369667,76,24
0.369333,76,24
0.369,76,24
0.368667,76.5,23.5
0.368333,76.5,23.5
0.368,76.5,23.5
0.367667,76.5,23.5
0.367333,76.5,23.5
0.367,76.5,23.5
0.366667,76.5,23.5
0.366333,76.5,23.5
0.366,76.5,23.5
0.365667,76.5,23.5
0.365333,76.5,23.5
0.365,76.5,23.5
0.364667,76.5,23.5
0.364333,76.5,23.5
0.364,76.5,23.5
0.363667,76.5,23.5
0.363333,76.5,23.5
0.363,76.5,23.5
0.362667,76.5,23.5
0.362333,76.5,23.5
0.362,76.5,23.5
0.361667,76.5,23.5
0.361333,76.5,23.5
0.361,76.5,23.5
0.360667,76.5,23.5
0.360333,76.5,23.5
0.36,76.5,23.5
0.359667,76.5,23.5
0.359333,76.5,23.5
0.359,76.5,23.5
0.358667,76.5,23.5
0.358333,76.5,23.5
0.358,76.5,23.5
0.357667,76.5,23.5
0.357333,76.5,23.5
0.357,76.5,23.5
0.356667,76.5,23.5
0.356333,76.5,23.5
0.356,76.5,23.5
0.355667,76.5,23.5
0.355333,76.5,23.5
0.355,76.5,23.5
0.354667,76.5,23.5
0.354333,76.5,23.5
0.354,76.5,23.5
0.353667,76.5,23.5
0.353333,76.5,23.5
0.353,76.5,23.5
0.352667,76.5,23.5
0.352333,76.5,23.5
0.352,76.5,23.5
0.351667,76.5,23.5
0.351333,76.5,23.5
0.351,76.5,23.5
0.350667,76.5,23.5
0.350333,76.5,23.5
0.35,76.5,23.5
0.349667,76.5,23.5
0.349333,76.5,23.5
0.349,76.5,23.5
0.348667,76.5,23.5
0.348333,76.5,23.5
0.348,76.5,23.5
0.347667,76.5,23.5
0.347333,76.5,23.5
0.347,76.5,23.5
0.346667,76.5,23.5
0.346333,76.5,23.5
0.346,76.5,23.5
0.345667,76.5,23.5
0.345333,76.5,23.5
0.345,76.5,23.5
0.344667,76.5,23.5
0.344333,76.5,23.5
0.344,76.5,23.5
0.343667,76.5,23.5
0.343333,76.5,23.5
0.343,76.5,23.5
0.342667,77,23
0.342333,77,23
0.342,77,23
0.341667,77,23
0.341333,77,23
0.341,77,23
0.340667,77,23
0.340333,77,23
0.34,77,23
0.339667,77,23
0.339333,77,23
0.339,77,23
0.338667,77,23
0.338333,77,23
0.338,77,23
0.337667,77,23
0.337333,77,23
0.337,77,23
0.336667,77,23
0.336333,77,23
0.336,77,23
0.335667,77,23
0.335333,77,23
0.335,77,23
0.334667,77,23
0.334333,77,23
0.334,77,23
0.333667,77,23
0.333333,77,23
0.333,77,23
0.332667,77,23
0.332333,77,23
0.332,77,23
0.331667,77,23
0.331333,77,23
0.331,77,23
0.330667,77,23
0.330333,77,23
0.33,77,23
0.329667,77,23
0.329333,77,23
0.329,77,23
0.328667,77,23
0.328333,77,23
0.328,77,23
0.327667,77,23
0.327333,77,23
0.327,77,23
0.326667,77,23
0.326333,77,23
0.326,77,23
0.325667,77,23
0.325333,77,23
0.325,77,23
0.324667,77,23
0.324333,77,23
0.324,77,23
0.323667,77,23
0.323333,77,23
0.323,77,23
0.322667,77,23
0.322333,77,23
0.322,77,23
0.321667,77,23
0.321333,77,23
0.321,77,23
0.320667,77,23
0.320333,77,23
0.32,77,23
0.319667,77,23
0.319333,77,23
0.319,77,23
0.318667,77,23
0.318333,77,23
0.318,77.5,22.5
0.317667,77.5,22.5
0.317333,77.5,22.5
0.317,77.5,22.5
0.316667,77.5,22.5
0.316333,77.5,22.5
0.316,77.5,22.5
0.315667,77.5,22.5
0.315333,77.5,22.5
0.315,77.5,22.5
0.314667,77.5,22.5
0.314333,77.5,22.5
0.314,77.5,22.5
0.313667,77.5,22.5
0.313333,77.5,22.5
0.313,77.5,22.5
0.312667,77.5,22.5
0.312333,77.5,22.5
0.312,77.5,22.5
0.311667,77.5,22.5
0.311333,77.5,22.5
0.311,77.5,22.5
0.310667,77.5,22.5
0.310333,77.5,22.5
0.31,77.5,22.5
0.309667,77.5,22.5
0.309333,77.5,22.5
0.309,77.5,22.5
0.308667,77.5,22.5
0.308333,77.5,22.5
0.308,77.5,22.5
0.307667,77.5,22.5
0.307333,77.5,22.5
0.307,77.5,22.5
0.306667,77.5,22.5
0.306333,77.5,22.5
0.306,77.5,22.5
0.305667,77.5,22.5
0.305333,77.5,22.5
0.305,77.5,22.5
0.304667,77.5,22.5
0.304333,77.5,22.5
0.304,77.5,22.5
0.303667,77.5,22.5
0.303333,77.5,22.5
0.303,77.5,22.5
0.302667,77.5,22.5
0.302333,77.5,22.5
0.302,77.5,22.5
0.301667,77.5,22.5
0.301333,77.5,22.5
0.301,77.5,22.5
0.300667,77.5,22.5
0.300333,77.5,22.5
0.3,77.5,22.5
0.299667,77.5,22.5
0.299333,77.5,22.5
0.299,77.5,22.5
0.298667,77.5,22.5
0.298333,77.5,22.5
0.298,77.5,22.5
0.297667,77.5,22.5
0.297333,77.5,22.5
0.297,77.5,22.5
0.296667,77.5,22.5
0.296333,77.5,22.5
0.296,77.5,22.5
0.295667,77.5,22.5
0.295333,77.5,22.5
0.295,78,22
0.294667,78,22
0.294333,78,22
0.294,78,22
0.293667,78,22
0.293333,78,22
0.293,78,22
0.292667,78,22
0.292333,78,22
0.292,78,22
0.291667,78,22
0.291333,78,22
0.291,78,22
0.290667,78,22
0.290333,78,22
0.29,78,22
0.289667,78,22
0.289333,78,22
0.289,78,22
0.288667,78,22
0.288333,78,22
0.288,78,22
0.287667,78,22
0.287333,78,22
0.287,78,22
0.286667,78,22
0.286333,78,22
0.286,78,22
0.285667,78,22
0.285333,78,22
0.285,78,22
0.284667,78,22
0.284333,78,22
0.284,78,22
0.283667,78,22
0.283333,78,22
0.283,78,22
0.282667,78,22
0.282333,78,22
0.282,78,22
0.281667,78,22
0.281333,78,22
0.281,78,22
0.280667,78,22
0.280333,78,22
0.28,78,22
0.279667,78,22
0.279333,78,22
0.279,78,22
0.278667,78,22
0.278333,78,22
0.278,78,22
0.277667,78,22
0.277333,78,22
0.277,78,22
0.276667,78,22
0.276333,78,22
0.276,78,22
0.275667,78,22
0.275333,78,22
0.275,78,22
0.274667,78,22
0.274333,78,22
0.274,78,22
0.273667,78,22
0.273333,78.5,21.5
0.273,78.5,21.5
0.272667,78.5,21.5
0.272333,78.5,21.5
0.272,78.5,21.5
0.271667,78.5,21.5
0.271333,78.5,21.5
0.271,78.5,21.5
0.270667,78.5,21.5
0.270333,78.5,21.5
0.27,78.5,21.5
0.269667,78.5,21.5
0.269333,78.5,21.5
0.269,78.5,21.5
0.268667,78.5,21.5
0.268333,78.5,21.5
0.268,78.5,21.5
0.267667,78.5,21.5
0.267333,78.5,21.5
0.267,78.5,21.5
0.266667,78.5,21.5
0.266333,78.5,21.5
0.266,78.5,21.5
0.265667,78.5,21.5
0.265333,78.5,21.5
0.265,78.5,21.5
0.264667,78.5,21.5
0.264333,78.5,21.5
0.264,78.5,21.5
0.263667,78.5,21.5
0.263333,78.5,21.5
0.263,78.5,21.5
0.262667,78.5,21.5
0.262333,78.5,21.5
0.262,78.5,21.5
0.261667,78.5,21.5
0.261333,78.5,21.5
0.261,78.5,21.5
0.260667,78.5,21.5
0.260333,78.5,21.5
0.26,78.5,21.5
0.259667,78.5,21.5
0.259333,78.5,21.5
0.259,78.5,21.5
0.258667,78.5,21.5
0.258333,78.5,21.5
0.258,78.5,21.5
0.257667,78.5,21.5
0.257333,78.5,21.5
0.257,78.5,21.5
0.256667,78.5,21.5
0.256333,78.5,21.5
0.256,78.5,21.5
0.255667,78.5,21.5
0.255333,78.5,21.5
0.255,78.5,21.5
0.254667,78.5,21.5
0.254333,78.5,21.5
0.254,78.5,21.5
0.253667,78.5,21.5
0.253333,78.5,21.5
0.253,79,21
0.252667,79,21
0.252333,79,21
0.252,79,21
0.251667,79,21
0.251333,79,21
0.251,79,21
0.250667,79,21
0.250333,79,21
0.25,79,21
0.249667,79,21
0.249333,79,21
0.249,79,21
0.248667,79,21
0.248333,79,21
0.248,79,21
0.247667,79,21
0.247333,79,21
0.247,79,21
0.246667,79,21
0.246333,79,21
0.246,79,21
0.245667,79,21
0.245333,79,21
0.245,79,21
0.244667,79,21
0.244333,79,21
0.244,79,21
0.243667,79,21
0.243333,79,21
0.243,79,21
0.242667,79,21
0.242333,79,21
0.242,79,21
0.241667,79,21
0.241333,79,21
0.241,79,21
0.240667,79,21
0.240333,79,21
0.24,79,21
0.239667,79,21
0.239333,79,21
0.239,79,21
0.238667,79,21
0.238333,79,21
0.238,79,21
0.237667,79,21
0.237333,79,21
0.237,79,21
0.236667,79,21
0.236333,79,21
0.236,79,21
0.235667,79,21
0.235333,79,21
0.235,79,21
0.234667,79,21
0.234333,79,21
0.234,79.5,20.5
0.233667,79.5,20.5
0.233333,79.5,20.5
0.233,79.5,20.5
0.232667,79.5,20.5
0.232333,79.5,20.5
0.232,79.5,20.5
0.231667,79.5,20.5
0.231333,79.5,20.5
0.231,79.5,20.5
0.230667,79.5,20.5
0.230333,79.5,20.5
0.23,79.5,20.5
0.229667,79.5,20.5
0.229333,79.5,20.5
0.229,79.5,20.5
0.228667,79.5,20.5
0.228333,79.5,20.5
0.228,79.5,20.5
0.227667,79.5,20.5
0.227333,79.5,20.5
0.227,79.5,20.5
0.226667,79.5,20.5
0.226333,79.5,20.5
0.226,79.5,20.5
0.225667,79.5,20.5
0.225333,79.5,20.5
0.225,79.5,20.5
0.224667,79.5,20.5
0.224333,79.5,20.5
0.224,79.5,20.5
0.223667,79.5,20.5
0.223333,79.5,20.5
0.223,79.5,20.5
0.222667,79.5,20.5
0.222333,79.5,20.5
0.222,79.5,20.5
0.221667,79.5,20.5
0.221333,79.5,20.5
0.221,79.5,20.5
0.220667,79.5,20.5
0.220333,79.5,20.5
0.22,79.5,20.5
0.219667,79.5,20.5
0.219333,79.5,20.5
0.219,79.5,20.5
0.218667,79.5,20.5
0.218333,79.5,20.5
0.218,79.5,20.5
0.217667,79.5,20.5
0.217333,79.5,20.5
0.217,79.5,20.5
0.216667,79.5,20.5
0.216333,80,20
0.216,80,20
0.215667,80,20
0.215333,80,20
0.215,80,20
0.214667,80,20
0.214333,80,20
0.214,80,20
0.213667,80,20
0.213333,80,20
0.213,80,20
0.212667,80,20
0.212333,80,20
0.212,80,20
0.211667,80,20
0.211333,80,20
0.211,80,20
0.210667,80,20
0.210333,80,20
0.21,80,20
0.209667,80,20
0.209333,80,20
0.209,80,20
0.208667,80,20
0.208333,80,20
0.208,80,20
0.207667,80,20
0.207333,80,20
0.207,80,20
0.206667,80,20
0.206333,80,20
0.206,80,20
0.205667,80,20
0.205333,80,20
0.205,80,20
0.204667,80,20
0.204333,80,20
0.204,80,20
0.203667,80,20
0.203333,80,20
0.203,80,20
0.202667,80,20
0.202333,80,20
0.202,80,20
0.201667,80,20
0.201333,80,20
0.201,80,20
0.200667,80,20
0.200333,80,20
0.2,80,20
0.199667,80.5,19.5
0.199333,80.5,19.5
0.199,80.5,19.5
0.198667,80.5,19.5
0.198333,80.5,19.5
0.198,80.5,19.5
0.197667,80.5,19.5
0.197333,80.5,19.5
0.197,80.5,19.5
0.196667,80.5,19.5
0.196333,80.5,19.5
0.196,80.5,19.5
0.195667,80.5,19.5
0.195333,80.5,19.5
0.195,80.5,19.5
0.194667,80.5,19.5
0.194333,80.5,19.5
0.194,80.5,19.5
0.193667,80.5,19.5
0.193333,80.5,19.5
0.193,80.5,19.5
0.192667,80.5,19.5
0.192333,80.5,19.5
0.192,80.5,19.5
0.191667,80.5,19.5
0.191333,80.5,19.5
0.191,80.5,19.5
0.190667,80.5,19.5
0.190333,80.5,19.5
0.19,80.5,19.5
0.189667,80.5,19.5
0.189333,80.5,19.5
0.189,80.5,19.5
0.188667,80.5,19.5
0.188333,80.5,19.5
0.188,80.5,19.5
0.187667,80.5,19.5
0.187333,80.5,19.5
0.187,80.5,19.5
0.186667,80.5,19.5
0.186333,80.5,19.5
0.186,80.5,19.5
0.185667,80.5,19.5
0.185333,80.5,19.5
0.185,80.5,19.5
0.184667,80.5,19.5
0.184333,80.5,19.5
0.184,81,19
0.183667,81,19
0.183333,81,19
0.183,81,19
0.182667,81,19
0.182333,81,19
0.182,81,19
0.181667,81,19
0.181333,81,19
0.181,81,19
0.180667,81,19
0.180333,81,19
0.18,81,19
0.179667,81,19
0.179333,81,19
0.179,81,19
0.178667,81,19
0.178333,81,19
0.178,81,19
0.177667,81,19
0.177333,81,19
0.177,81,19
0.176667,81,19
0.176333,81,19
0.176,81,19
0.175667,81,19
0.175333,81,19
0.175,81,19
0.174667,81,19
0.174333,81,19
0.174,81,19
0.173667,81,19
0.173333,81,19
0.173,81,19
0.172667,81,19
0.172333,81,19
0.172,81,19
0.171667,81,19
0.171333,81,19
0.171,81,19
0.170667,81,19
0.170333,81,19
0.17,81,19
0.169667,81.5,18.5
0.169333,81.5,18.5
0.169,81.5,18.5
0.168667,81.5,18.5
0.168333,81.5,18.5
0.168,81.5,18.5
0.167667,81.5,18.5
0.167333,81.5,18.5
0.167,81.5,18.5
0.166667,81.5,18.5
0.166333,81.5,18.5
0.166,81.5,18.5
0.165667,81.5,18.5
0.165333,81.5,18.5
0.165,81.5,18.5
0.164667,81.5,18.5
0.164333,81.5,18.5
0.164,81.5,18.5
0.163667,81.5,18.5
0.163333,81.5,18.5
0.163,81.5,18.5
0.162667,81.5,18.5
0.162333,81.5,18.5
0.162,81.5,18.5
0.161667,81.5,18.5
0.161333,81.5,18.5
0.161,81.5,18.5
0.160667,81.5,18.5
0.160333,81.5,18.5
0.16,81.5,18.5
0.159667,81.5,18.5
0.159333,81.5,18.5
0.159,81.5,18.5
0.158667,81.5,18.5
0.158333,81.5,18.5
0.158,81.5,18.5
0.157667,81.5,18.5
0.157333,81.5,18.5
0.157,81.5,18.5
0.156667,81.5,18.5
0.156333,81.5,18.5
0.156,82,18
0.155667,82,18
0.155333,82,18
0.155,82,18
0.154667,82,18
0.154333,82,18
0.154,82,18
0.153667,82,18
0.153333,82,18
0.153,82,18
0.152667,82,18
0.152333,82,18
0.152,82,18
0.151667,82,18
0.151333,82,18
0.151,82,18
0.150667,82,18
0.150333,82,18
0.15,82,18
0.149667,82,18
0.149333,82,18
0.149,82,18
0.148667,82,18
0.148333,82,18
0.148,82,18
0.147667,82,18
0.147333,82,18
0.147,82,18
0.146667,82,18
0.146333,82,18
0.146,82,18
0.145667,82,18
0.145333,82,18
0.145,82,18
0.144667,82,18
0.144333,82,18
0.144,82,18
0.143667,82,18
0.143333,82.5,17.5
0.143,82.5,17.5
0.142667,82.5,17.5
0.142333,82.5,17.5
0.142,82.5,17.5
0.141667,82.5,17.5
0.141333,82.5,17.5
0.141,82.5,17.5
0.140667,82.5,17.5
0.140333,82.5,17.5
0.14,82.5,17.5
0.139667,82.5,17.5
0.139333,82.5,17.5
0.139,82.5,17.5
0.138667,82.5,17.5
0.138333,82.5,17.5
0.138,82.5,17.5
0.137667,82.5,17.5
0.137333,82.5,17.5
0.137,82.5,17.5
0.136667,82.5,17.5
0.136333,82.5,17.5
0.136,82.5,17.5
0.135667,82.5,17.5
0.135333,82.5,17.5
0.135,82.5,17.5
0.134667,82.5,17.5
0.134333,82.5,17.5
0.134,82.5,17.5
0.133667,82.5,17.5
0.133333,82.5,17.5
0.133,82.5,17.5
0.132667,82.5,17.5
0.132333,82.5,17.5
0.132,82.5,17.5
0.131667,82.5,17.5
0.131333,83,17
0.131,83,17
0.130667,83,17
0.130333,83,17
0.13,83,17
0.129667,83,17
0.129333,83,17
0.129,83,17
0.128667,83,17
0.128333,83,17
0.128,83,17
0.127667,83,17
0.127333,83,17
0.127,83,17
0.126667,83,17
0.126333,83,17
0.126,83,17
0.125667,83,17
0.125333,83,17
0.125,83,17
0.124667,83,17
0.124333,83,17
0.124,83,17
0.123667,83,17
0.123333,83,17
0.123,83,17
0.122667,83,17
0.122333,83,17
0.122,83,17
0.121667,83,17
0.121333,83,17
0.121,83,17
0.120667,83,17
0.120333,83,17
0.12,83.5,16.5
0.119667,83.5,16.5
0.119333,83.5,16.5
0.119,83.5,16.5
0.118667,83.5,16.5
0.118333,83.5,16.5
0.118,83.5,16.5
0.117667,83.5,16.5
0.117333,83.5,16.5
0.117,83.5,16.5
0.116667,83.5,16.5
0.116333,83.5,16.5
0.116,83.5,16.5
0.115667,83.5,16.5
0.115333,83.5,16.5
0.115,83.5,16.5
0.114667,83.5,16.5
0.114333,83.5,16.5
0.114,83.5,16.5
0.113667,83.5,16.5
0.113333,83.5,16.5
0.113,83.5,16.5
0.112667,83.5,16.5
0.112333,83.5,16.5
0.112,83.5,16.5
0.111667,83.5,16.5
0.111333,83.5,16.5
0.111,83.5,16.5
0.110667,83.5,16.5
0.110333,83.5,16.5
0.11,83.5,16.5
0.109667,84,16
0.109333,84,16
0.109,84,16
0.108667,84,16
0.108333,84,16
0.108,84,16
0.107667,84,16
0.107333,84,16
0.107,84,16
0.106667,84,16
0.106333,84,16
0.106,84,16
0.105667,84,16
0.105333,84,16
0.105,84,16
0.104667,84,16
0.104333,84,16
0.104,84,16
0.103667,84,16
0.103333,84,16
0.103,84,16
0.102667,84,16
0.102333,84,16
0.102,84,16
0.101667,84,16
0.101333,84,16
0.101,84,16
0.100667,84,16
0.100333,84,16
0.1,84.5,15.5
0.0996667,84.5,15.5
0.0993333,84.5,15.5
0.099,84.5,15.5
0.0986667,84.5,15.5
0.0983333,84.5,15.5
0.098,84.5,15.5
0.0976667,84.5,15.5
0.0973333,84.5,15.5
0.097,84.5,15.5
0.0966667,84.5,15.5
0.0963333,84.5,15.5
0.096,84.5,15.5
0.0956667,84.5,15.5
0.0953333,84.5,15.5
0.095,84.5,15.5
0.0946667,84.5,15.5
0.0943333,84.5,15.5
0.094,84.5,15.5
0.0936667,84.5,15.5
0.0933333,84.5,15.5
0.093,84.5,15.5
0.0926667,84.5,15.5
0.0923333,84.5,15.5
0.092,84.5,15.5
0.0916667,84.5,15.5
0.0913333,84.5,15.5
0.091,85,15
0.0906667,85,15
0.0903333,85,15
0.09,85,15
0.0896667,85,15
0.0893333,85,15
0.089,85,15
0.0886667,85,15
0.0883333,85,15
0.088,85,15
0.0876667,85,15
0.0873333,85,15
0.087,85,15
0.0866667,85,15
0.0863333,85,15
0.086,85,15
0.0856667,85,15
0.0853333,85,15
0.085,85,15
0.0846667,85,15
0.0843333,85,15
0.084,85,15
0.0836667,85,15
0.0833333,85,15
0.083,85,15
0.0826667,85.5,14.5
0.0823333,85.5,14.5
0.082,85.5,14.5
0.0816667,85.5,14.5
0.0813333,85.5,14.5
0.081,85.5,14.5
0.0806667,85.5,14.5
0.0803333,85.5,14.5
0.08,85.5,14.5
0.0796667,85.5,14.5
0.0793333,85.5,14.5
0.079,85.5,14.5
0.0786667,85.5,14.5
0.0783333,85.5,14.5
0.078,85.5,14.5
0.0776667,85.5,14.5
0.0773333,85.5,14.5
0.077,85.5,14.5
0.0766667,85.5,14.5
0.0763333,85.5,14.5
0.076,85.5,14.5
0.0756667,85.5,14.5
0.0753333,85.5,14.5
0.075,86,14
0.0746667,86,14
0.0743333,86,14
0.074,86,14
0.0736667,86,14
0.0733333,86,14
0.073,86,14
0.0726667,86,14
0.0723333,86,14
0.072,86,14
0.0716667,86,14
0.0713333,86,14
0.071,86,14
0.0706667,86,14
0.0703333,86,14
0.07,86,14
0.0696667,86,14
0.0693333,86,14
0.069,86,14
0.0686667,86,14
0.0683333,86,14
0.068,86,14
0.0676667,86.5,13.5
0.0673333,86.5,13.5
0.067,86.5,13.5
0.0666667,86.5,13.5
0.0663333,86.5,13.5
0.066,86.5,13.5
0.0656667,86.5,13.5
0.0653333,86.5,13.5
0.065,86.5,13.5
0.0646667,86.5,13.5
0.0643333,86.5,13.5
0.064,86.5,13.5
0.0636667,86.5,13.5
0.0633333,86.5,13.5
0.063,86.5,13.5
0.0626667,86.5,13.5
0.0623333,86.5,13.5
0.062,86.5,13.5
0.0616667,86.5,13.5
0.0613333,86.5,13.5
0.061,87,13
0.0606667,87,13
0.0603333,87,13
0.06,87,13
0.0596667,87,13
0.0593333,87,13
0.059,87,13
0.0586667,87,13
0.0583333,87,13
0.058,87,13
0.0576667,87,13
0.0573333,87,13
0.057,87,13
0.0566667,87,13
0.0563333,87,13
0.056,87,13
0.0556667,87,13
0.0553333,87,13
0.055,87,13
0.0546667,87.5,12.5
0.0543333,87.5,12.5
0.054,87.5,12.5
0.0536667,87.5,12.5
0.0533333,87.5,12.5
0.053,87.5,12.5
0.0526667,87.5,12.5
0.0523333,87.5,12.5
0.052,87.5,12.5
0.0516667,87.5,12.5
0.0513333,87.5,12.5
0.051,87.5,12.5
0.0506667,87.5,12.5
0.0503333,87.5,12.5
0.05,87.5,12.5
0.0496667,87.5,12.5
0.0493333,87.5,12.5
0.049,88,12
0.0486667,88,12
0.0483333,88,12
0.048,88,12
0.0476667,88,12
0.0473333,88,12
0.047,88,12
0.0466667,88,12
0.0463333,88,12
0.046,88,12
0.0456667,88,12
0.0453333,88,12
0.045,88,12
0.0446667,88,12
0.0443333,88,12
0.044,88,12
0.0436667,88.5,11.5
0.0433333,88.5,11.5
0.043,88.5,11.5
0.0426667,88.5,11.5
0.0423333,88.5,11.5
0.042,88.5,11.5
0.0416667,88.5,11.5
0.0413333,88.5,11.5
0.041,88.5,11.5
0.0406667,88.5,11.5
0.0403333,88.5,11.5
0.04,88.5,11.5
0.0396667,88.5,11.5
0.0393333,88.5,11.5
0.039,88.5,11.5
0.0386667,89,11
0.0383333,89,11
0.038,89,11
0.0376667,89,11
0.0373333,89,11
0.037,89,11
0.0366667,89,11
0.0363333,89,11
0.036,89,11
0.0356667,89,11
0.0353333,89,11
0.035,89,11
0.0346667,89,11
0.0343333,89.5,10.5
0.034,89.5,10.5
0.0336667,89.5,10.5
0.0333333,89.5,10.5
0.033,89.5,10.5
0.0326667,89.5,10.5
0.0323333,89.5,10.5
0.032,89.5,10.5
0.0316667,89.5,10.5
0.0313333,89.5,10.5
0.031,89.5,10.5
0.0306667,89.5,10.5
0.0303333,90,10
0.03,90,10
0.0296667,90,10
0.0293333,90,10
0.029,90,10
0.0286667,90,10
0.0283333,90,10
0.028,90,10
0.0276667,90,10
0.0273333,90,10
0.027,90,10
0.0266667,90,10
0.0263333,90.5,9.5
0.026,90.5,9.5
0.0256667,90.5,9.5
0.0253333,90.5,9.5
0.025,90.5,9.5
0.0246667,90.5,9.5
0.0243333,90.5,9.5
0.024,90.5,9.5
0.0236667,90.5,9.5
0.0233333,90.5,9.5
0.023,91,9
0.0226667,91,9
0.0223333,91,9
0.022,91,9
0.0216667,91,9
0.0213333,91,9
0.021,91,9
0.0206667,91,9
0.0203333,91,9
0.02,91.5,8.5
0.0196667,91.5,8.5
0.0193333,91.5,8.5
0.019,91.5,8.5
0.0186667,91.5,8.5
0.0183333,91.5,8.5
0.018,91.5,8.5
0.0176667,91.5,8.5
0.0173333,91.5,8.5
0.017,92,8
0.0166667,92,8
0.0163333,92,8
0.016,92,8
0.0156667,92,8
0.0153333,92,8
0.015,92,8
0.0146667,92.5,7.5
0.0143333,92.5,7.5
0.014,92.5,7.5
0.0136667,92.5,7.5
0.0133333,92.5,7.5
0.013,92.5,7.5
0.0126667,92.5,7.5
0.0123333,93,7
0.012,93,7
0.0116667,93,7
0.0113333,93,7
0.011,93,7
0.0106667,93,7
0.0103333,93.5,6.5
0.01,93.5,6.5
0.00966667,93.5,6.5
0.00933333,93.5,6.5
0.009,93.5,6.5
0.00866667,93.5,6.5
0.00833333,94,6
0.008,94,6
0.00766667,94,6
0.00733333,94,6
0.007,94,6
0.00666667,94.5,5.5
0.00633333,94.5,5.5
0.006,94.5,5.5
0.00566667,94.5,5.5
0.00533333,95,5
0.005,95,5
0.00466667,95,5
0.00433333,95.5,4.5
0.004,95.5,4.5
0.00366667,95.5,4.5
0.00333333,96,4
0.003,96,4
0.00266667,96,4
0.00233333,96.5,3.5
0.002,96.5,3.5
0.00166667,97,3
0.00133333,97,3
0.001,97.5,2.5
0.000666667,98,2
0.000333333,98.5,1.5
3.33934e-17,0,100
